CHURN_TOTAL,ACTIVE_TOTAL,CHURN_FEMALE,CHURN_MALE,CHURN_AGE_AVG,ACTIVE_AGE_AVG,CHURN_2015,CHURN_2016,CHURN_2017,CHURN_2018
424324,30958655,0.015977499,0.01155113,48.77859136,53.20224945,0.011286707,0.01020096,0.008607214,0.009289726
,,,,,,,,,
TOTAL_ID,TOTAL,DAY_TRADE_RATIO_MEAN,DAY_TRADE_RATIO_STD,,,,,,
64230,2592709,0.456829162,0.157368953,,,,,,
